"";"Coord. facteur 1";"Coord. facteur 2";"Corr. facteur 1";"Corr. facteur 2";"COR -facteur 1";"COR -facteur 2";"CTR -facteur 1";"CTR -facteur 2";"mass";"chi.distance";"inertie"
"brasil";0,79535880160273;2,19644704448068;0,340476466931129;0,940253037998865;0,185583938888111;0,81441606111189;0,00666259248472931;0,0508110935504161;0,0105321507760532;0,432632353297508;0,00197131059272453
"nós";2,02200278252689;-1,03594236762685;0,889992923920118;-0,455974336308657;0,86877786746672;0,131222132533281;0,0770558972209423;0,0202261663123655;0,0188470066518847;0,508339047883753;0,00487022836946467
"estar";0,270969949567373;-0,687748415917098;0,366569903260038;-0,930390512647204;0,212455321766263;0,787544678233737;0,00252346576565951;0,0162560248242692;0,0343680709534368;0,137756918664009;0,00065220180469387
"aqui";1,47834426362114;-1,41861770760725;0,721531844541751;-0,69238125141585;0,653649835178006;0,346350164821995;0,0302868869426486;0,027889082598903;0,0138580931263858;0,428478563150739;0,0025442610737212
"hoje";3,38812393563023;1,15510983127482;0,946504422037545;0,322690841306929;0,937309510872316;0,0626904891276841;0,0381797687467532;0,00443773410967101;0,00332594235033259;0,82005668410347;0,00223667283306911
"por";1,28661578486263;-1,65084881301184;0,614720946735208;-0,78874467202319;0,513520071402772;0,486479928597229;0,0275284951971897;0,0453209834272049;0,016629711751663;0,420723005472354;0,00294358947894163
"de";0,269669813780971;-0,253871528923797;0,728112875174612;-0,685457249582321;0,662259998562983;0,337740001437017;0,00620795925917859;0,00550189356569202;0,0853658536585366;0,0776504844999752;0,000514721758555686
"que";-0,396047291979375;0,181915735500274;-0,908722049762548;0,417401768414262;0,891738374442121;0,108261625557879;0,0129551913332291;0,00273331867437264;0,0825942350332594;0,0982775715641073;0,000797734855769511
"mesmo";-1,31552974640489;0,667950774639482;-0,891648590773121;0,452728164103259;0,870817063816415;0,129182936183585;0,00767458320920666;0,00197852876869838;0,00443458980044346;0,330341627378965;0,000483927231837618
"então";-0,596699269134343;-1,34959626214863;-0,40437137444678;-0,914594878363105;0,253571674892551;0,746428325107448;0,00226972017989622;0,0116109843759777;0,00637472283813747;0,277671452961326;0,000491500283581497
"eu";1,36963026833202;-1,18959544932361;0,754984079645984;-0,655743120041001;0,697304960862388;0,302695039137613;0,0405540996703541;0,0305933237189611;0,0216186252771619;0,384342193367484;0,00319348001247152
"querer";0,931267384101719;-0,266118601405691;0,96151243597477;-0,274761415533303;0,955120254616188;0,0448797453838121;0,00745150420217335;0,00060847904945614;0,0085920177383592;0,223291125053502;0,000428388781141192
"você";-0,263624140094375;-0,218604805516342;-0,769772788554785;-0,638317988153702;0,716498672123949;0,283501327876051;0,00163727921714035;0,00112582737931298;0,0235587583148559;0,0729799527306045;0,000125475678366881
"em";-0,134287279995199;-0,636593460064045;-0,206404325092052;-0,978466787675134;0,0717803415696205;0,928219658430379;0,000599769630881669;0,0134784223967731;0,0332594235033259;0,117451404216453;0,000458808171366406
"ir";0,35006108573315;-0,399554428974939;0,658985281601871;-0,752155834007889;0,571544947990443;0,428455052009557;0,00387191659281945;0,00504417587453929;0,0315964523281596;0,108503747182565;0,000371987028659369
"falar";-1,17855759766841;-0,260271353699959;-0,976472259856337;-0,21564305166422;0,972702565672718;0,0272974343272823;0,00962443189455323;0,000469381773536649;0,0069290465631929;0,280018598582288;0,000543309420399034
"a";-0,994187518700629;0,117372589221691;-0,993103072675665;0,117244560821186;0,992043571673375;0,00795642832662529;0,0432839783619008;0,000603286946423337;0,0437915742793792;0,233899357838862;0,00239578927837979
"fazer";-1,15824785459255;0,781838732000199;-0,82884156270053;0,55948339022722;0,792271517853255;0,207728482146745;0,0189629830172064;0,0086404828008979;0,0141352549889135;0,30492327758102;0,00131427063906551
"o";-0,080574915668732;0,810423797495989;-0,0989354013832896;0,995093858062207;0,0168883622324531;0,983111637767547;0,000368881649717232;0,0373174279288534;0,0568181818181818;0,145288817292655;0,00119936593353968
"dia";1,16613494064325;-1,46771968266353;0,622076069467684;-0,782956808384497;0,523136378727715;0,476863621272285;0,00716118162305754;0,0113441852191465;0,00526607538802661;0,377804776107061;0,000751660900259651
"ver";0,211605429467272;0,346801011734129;0,520861116526502;0,853641433677376;0,392834344039593;0,607165655960407;0,000223387871408125;0,000600021327970253;0,00498891352549889;0,0791130592271238;3,12249918306373e-05
"pessoa";-0,518085379129314;-1,08962764883521;-0,429403188563247;-0,903112895296993;0,282061138495786;0,717938861504214;0,00245499201281309;0,0108593452418246;0,00914634146341464;0,228589251466478;0,000477924200176872
"com";-0,728569820196269;-0,316847533653919;-0,917034131767448;-0,398808727554354;0,901851434187306;0,0981485658126945;0,00779743378429702;0,00147472146836926;0,014689578713969;0,179775197169033;0,000474754279492718
"gente";-0,664292866427486;0,00536494415962455;-0,999967389309512;0,00807590970221068;0,999962469393271;3,75306067290291e-05;0,00428075815785078;2,79210616478973e-07;0,00970066518847007;0,155666024800161;0,000235065658175708
"um";-0,115759285966733;-0,798302967937582;-0,143505813058678;-0,989649474116148;0,0352532267941054;0,964746773205894;0,000323120418241387;0,0153669688718852;0,0241130820399113;0,144471605248838;0,000503289326750644
"ser";-0,258842814026937;1,25828524173296;-0,201491679345676;0,979490226165866;0,0685023003812472;0,931497699618753;0,00347254036691317;0,0820603345810078;0,0518292682926829;0,231744604289689;0,00278351996187665
"para";0,321312113414106;0,196962388935018;0,852566780272322;0,522618297781552;0,822217242052008;0,177782757947992;0,00246085553866158;0,000924695041111161;0,0238359201773836;0,0830347543768903;0,00016434319771647
"poder";-1,13614209361154;-1,45932944406681;-0,614313856086013;-0,789061775921717;0,512988239795635;0,487011760204365;0,0214659455134593;0,0354153396838197;0,016629711751663;0,371710682681042;0,00229770784289145
"esse";1,32569576461288;0,67000293032462;0,892492105444937;0,451063013024193;0,871855279300454;0,128144720699545;0,0107162759775155;0,00273721906489986;0,00609756097560976;0,332696141795144;0,000674919041252284
"país";-0,421619894328947;0,26850369956606;-0,843480093297168;0,537160434331682;0,810785299688696;0,189214700311305;0,00142880729587711;0,000579471414561853;0,00803769401330377;0,109722137277878;9,6765375514395e-05
"só";-1,16059172449527;-1,74945111313709;-0,55281616010649;-0,833303241998443;0,433373045873271;0,566626954126729;0,00447995504756177;0,0101793099687027;0,00332594235033259;0,413118475427944;0,000567628186496369
"dar";1,67068356895512;-0,856585194756714;0,889855438539004;-0,456242587339847;0,868608452821731;0,13139154717827;0,014698583194001;0,00386392065455974;0,00526607538802661;0,420057044353403;0,000929188051471013
"todo";0,0686988721273475;-0,78148708191373;0,0875701683903999;-0,996158353680818;0,0132516924124804;0,98674830758752;2,6161502392293e-05;0,0033853772682818;0,00554323725055432;0,139842773952707;0,000108403555580864
"porque";0,520883490848;0,405647912313617;0,788973076837195;0,614427769575927;0,741297559618676;0,258702440381324;0,00165438787218292;0,00100335505344144;0,00609756097560976;0,141765451119626;0,000122545384946043
"não";-0,0432232731043145;0,777052117074093;-0,0555388219975416;0,998456528473386;0,00534829540266085;0,994651704597339;8,33670912954201e-05;0,0269438494502611;0,0446230598669623;0,138495624892193;0,000855916612083961
"ter";-0,228102987241562;0,80372714926224;-0,273023907785374;0,962007248297851;0,122788658812282;0,877211341187719;0,00124020611413888;0,0153974640852727;0,0238359201773836;0,152537962653804;0,000554610139786391
"tudo";-1,2959158259103;-1,6528553652373;-0,61700983198315;-0,786955441709456;0,516511147022666;0,483488852977333;0,0069819754483569;0,0113578056751403;0,00415742793791574;0,422535342391407;0,000742251034796938
"acontecer";-2,4221466228316;0,304462624874353;-0,992192221010815;0,124718068320619;0,990989953792541;0,00901004620745993;0,0260168259977584;0,000411075343438497;0,00443458980044346;0,570153638156493;0,00144157503815115
"nosso";1,02331084498206;1,72468679478845;0,510272567981324;0,860012736164846;0,379572676667958;0,620427323332042;0,0063851529601091;0,0181374667080344;0,00609756097560976;0,389211982364758;0,000923694922050636
"pro";0,647718260380836;-1,13116111561209;0,496913984113364;-0,867799799719142;0,362981633148578;0,637018366851423;0,00337212566521412;0,0102844342058511;0,00803769401330377;0,25192421395328;0,000510118757678316
"ele";-0,22758768404066;-0,737762337616141;-0,294776629880008;-0,955566187386612;0,141908245114105;0,858091754885896;0,000947490620615695;0,00995658414886889;0,0182926829268293;0,14156993680983;0,000366622811128155
"lula";1,16266536733494;0,283072697209424;0,971617259651987;0,236558451014466;0,967015450476644;0,032984549523356;0,0112399453137479;0,000666270664402038;0,00831485587583149;0,277053809553355;0,000638238470521288
"primeiro";1,35826241440476;2,60404604977167;0,462466897849867;0,886636548081073;0,321022151740294;0,678977848259705;0,00613595383498223;0,0225534007627431;0,00332594235033259;0,561748962469273;0,00104954067683583
"já";2,15341129867614;1,56326964874176;0,809244821441028;0,587471547371342;0,767310984076848;0,232689015923153;0,0167082435910363;0,00880530929345994;0,00360310421286031;0,576059544066057;0,00119567067018424
"presidente";2,2793792303172;5,02228400097552;0,413280381174973;0,910603825236787;0,263603737328884;0,736396262671116;0,0172801652181866;0,0838913633695832;0,00332594235033259;1,04031988913592;0,00359955256673536
"seu";0,738795673016834;-1,16268047876945;0,536311197486541;-0,844020319335117;0,412344429330474;0,587655570669526;0,00287432424692338;0,0071188170783037;0,00526607538802661;0,269600301693876;0,000382761122725929
"colocar";1,57026248356393;0,255760562413122;0,986993666199664;0,160759145561754;0,984963954370984;0,015036045629016;0,00956766622562008;0,00025382165022236;0,00388026607538803;0,370755995339629;0,000533381406076469
"ano";1,40516938675491;1,03269301954553;0,805793240916136;0,592196971364993;0,762895070674216;0,237104929325784;0,00875610201983667;0,00472928990074528;0,00443458980044346;0,376983525644156;0,000630228729964959
"até";-0,361723063001474;-0,781821507284641;-0,419902408300877;-0,907569263198751;0,271138656353389;0,728861343646611;0,0004351781850571;0,00203296519707149;0,00332594235033259;0,162782073606721;8,81308319990151e-05
"depois";0,327973391070069;-2,81200434003478;0,115848018310531;-0,993266951354732;0,0230944266108297;0,97690557338917;0,000298133440271621;0,0219162095575788;0,00277161862527716;0,505721147550428;0,00070885221474424
"aí";-1,97965865411256;-1,16479263900679;-0,861879500174202;-0,507113130553202;0,833883542042734;0,166116457957266;0,0412760085084549;0,0142894101695142;0,0105321507760532;0,507999995075159;0,00271796890517232
"cair";3,72244961033318;-3,38957227520805;0,73939337934625;-0,673273666928191;0,676995499029945;0,323004500970056;0,0384052968444281;0,0318436812884121;0,00277161862527716;1,06013710074396;0,00311499632032655
"bolsonaro";-0,772054016245363;0,023700434165125;-0,999529152335109;0,0306834423143689;0,999458033498105;0,000541966501895113;0,00297372873392758;2,80232550805921e-06;0,00498891352549889;0,180963714244392;0,000163376270985662
"dizer";2,89082852467042;2,45646620799018;0,762035313795866;0,647535466617881;0,706465795242329;0,293534204757671;0,0602214879532293;0,0434838919085197;0,00720620842572062;0,805940273033323;0,00468071862974576
"chamar";2,39195596395755;1,25103672843279;0,886119548805826;0,463456735007874;0,864000204349743;0,135999795650257;0,0158576866228163;0,00433784062053164;0,00277161862527716;0,603007000359541;0,00100780887606045
"vir";2,02816555325017;4,36276455973811;0,421555199791141;0,906802742347558;0,273029415486078;0,726970584513921;0,0125410229005811;0,0580296176942282;0,00304878048780488;0,909546232262365;0,00252217789214227
"moral";3,28971239996691;-0,667406496811437;0,980034732980788;-0,198826361811695;0,976863923182495;0,023136076817506;0,0389935420644259;0,00160493586912957;0,00360310421286031;0,779950413970981;0,00219184989670054
"mais";-0,95537943367961;1,45941970758405;-0,547708497804791;0,836669230599774;0,426846464302206;0,573153535697795;0,0055655479408413;0,0129872309931995;0,00609756097560976;0,3426621538586;0,000715959461506187
"saber";-1,04412152407196;-0,641979450268233;-0,851861044892307;-0,523767849523993;0,82133106264561;0,17866893735439;0,00936692973058233;0,00354109369500216;0,0085920177383592;0,269971563132091;0,00062622616183468
"quem";2,9397516175533;1,9145541724459;0,837959330922912;0,545732681556845;0,803816815377312;0,196183184622688;0,0335338010035204;0,0142231838994512;0,00388026607538803;0,768348399503995;0,00229075102058894
"uma";-1,26009251113923;0,474592066154447;-0,935825883286921;0,352462645070728;0,924534274266466;0,075465725733534;0,0264052073718821;0,00374563685016764;0,016629711751663;0,307090950810722;0,00156826250670455
"outro";-0,171684829539275;-2,45534311702017;-0,0697526381476618;-0,997564318463447;0,00842508600749646;0,991574913992503;0,000106203949285224;0,0217220697588355;0,00360310421286031;0,438299370196288;0,000692179155456766
"lá";-1,47511002580069;-0,553658151099976;-0,936226498154646;-0,351397131680225;0,925015064423401;0,0749849355765992;0,0114587145721;0,00161424878528532;0,00526607538802661;0,359398374487591;0,000680204168542718
"agora";-1,02780730102631;0,326877064976587;-0,952966633119745;0,303075231849153;0,944999369021287;0,055000630978714;0,00497743719975914;0,000503444142275785;0,00471175166297118;0,247754776252334;0,000289218762652258
"como";-1,03834357007663;-0,298842767785692;-0,960990867349097;-0,276580102089122;0,954504146760246;0,0454958532397542;0,00717177851121604;0,000594059866016496;0,00665188470066519;0,249045251002594;0,000412573417163716
"se";1,07050489398315;0,669804654413012;0,847735147212641;0,530419758474702;0,816144468722533;0,183855531277467;0,0146106190382278;0,00571988931634518;0,0127494456762749;0,277671452961326;0,000983000567162994
"sua";-2,08414034484921;0,667353586477141;-0,952367269220562;0,304953413683745;0,944287461213143;0,055712538786857;0,0252817240902416;0,00259217765993957;0,00582039911308204;0,502575074641166;0,00147012633554935
"também";-0,171684829539275;-2,45534311702017;-0,0697526381476618;-0,997564318463447;0,00842508600749646;0,991574913992503;0,000106203949285224;0,0217220697588355;0,00360310421286031;0,438299370196288;0,000692179155456766
"esquerdo";-2,91980504289067;-0,493706390439829;-0,986003902511578;-0,16672223676504;0,983814223605817;0,0161857763941832;0,0236287735268564;0,000675570953329059;0,00277161862527716;0,689800337114249;0,00131880406065114
"isso";-2,68802589158668;1,01852398783458;-0,935121138524703;0,354328175967229;0,92368820375968;0,0763117962403206;0,0660867365290277;0,00948833335787613;0,00914634146341463;0,655385525346386;0,003928629757624
"parar";-0,754619420250178;-2,03923835683646;-0,347049830451405;-0,937846690660926;0,192228525475822;0,807771474524178;0,0023674492908206;0,0172886352937628;0,00415742793791574;0,403315726562688;0,000676262092403501
"essa";0,738795673016834;-1,16268047876945;0,536311197486541;-0,844020319335117;0,412344429330474;0,587655570669526;0,00287432424692338;0,0071188170783037;0,00526607538802661;0,269600301693876;0,000382761122725929
"coisa";-1,82299512671125;1,03018482926369;-0,870604511609471;0,491983520420384;0,844766147035971;0,155233852964029;0,0147375220931839;0,00470634493323754;0,00443458980044346;0,464775635485748;0,000957944085770203
"pt";-1,00252025530556;1,82860466360606;-0,480735669988155;0,876865563014673;0,343117935198522;0,656882064801478;0,0027856066028213;0,00926772454479442;0,00277161862527716;0,401049096868208;0,000445788187635269
