"";"*_texto0";"*_texto1";"*_texto10";"*_texto100";"*_texto101";"*_texto102";"*_texto103";"*_texto104";"*_texto105";"*_texto106";"*_texto107";"*_texto108"
"bom";2;0;0;9;4;0;43;2;14;2;33;1
"tarde";2;0;0;0;3;0;7;0;3;0;1;0
"brasil";12;15;11;19;3;8;31;3;29;4;31;2
"nós";42;15;11;59;7;11;140;2;162;2;145;5
"estar";57;53;14;93;4;10;176;25;208;10;161;5
"aqui";30;14;6;101;6;21;142;9;187;18;210;7
"hoje";7;1;4;14;5;4;30;2;32;13;21;3
"por";36;18;6;100;16;8;136;15;288;6;164;3
"algo";2;2;1;1;0;2;3;1;8;0;8;0
"muito";4;4;0;23;11;5;61;2;50;5;90;0
"maior";2;1;2;5;1;0;11;0;6;1;7;0
"de";133;133;42;764;109;81;1183;49;1639;76;1302;48
"que";105;153;40;353;59;53;785;44;844;69;825;19
"mesmo";4;10;2;11;4;3;20;5;31;7;24;1
"então";10;12;1;52;9;6;58;2;111;2;75;1
"eu";45;23;10;122;34;23;286;13;421;17;278;6
"querer";15;11;5;41;4;9;105;2;140;5;101;2
"você";33;42;10;44;10;6;46;15;67;18;32;5
"realmente";5;2;0;6;0;2;9;1;3;3;14;0
"atenção";1;0;0;4;0;0;7;1;7;0;1;0
"em";51;57;12;246;55;19;435;20;537;24;445;9
"ir";51;48;15;119;18;21;259;9;296;18;229;6
"falar";8;15;2;27;2;6;74;5;93;7;93;4
"desde";2;1;0;3;0;0;8;0;8;0;5;0
"a";49;92;17;360;62;36;755;34;842;19;761;14
"fazer";13;31;7;59;11;2;111;5;158;14;120;4
"o";69;99;37;370;41;48;630;41;751;61;605;23
"dia";11;6;2;21;0;5;16;3;13;9;22;2
"ver";7;8;3;33;5;8;30;1;34;5;32;0
"criança";2;0;0;3;0;0;39;1;16;0;17;1
"pessoa";14;17;2;23;2;8;19;4;26;7;30;7
"ali";9;0;0;4;4;1;18;0;6;1;9;2
"com";19;29;5;80;18;3;173;8;159;7;143;3
"gente";12;19;4;25;3;2;166;3;116;0;126;0
"um";38;41;8;92;23;20;195;8;245;11;189;10
"ser";55;95;37;239;56;34;523;34;758;60;494;30
"ao";1;2;0;36;2;3;45;0;69;2;29;2
"para";35;37;14;146;20;12;286;16;286;20;214;3
"poder";24;35;1;52;5;7;83;6;130;8;107;2
"lutar";4;2;1;3;0;0;0;0;5;0;6;0
"esse";10;7;5;36;4;3;102;9;74;7;62;0
"país";10;15;4;18;3;4;41;5;20;1;35;1
"chegar";4;5;0;2;0;2;24;1;20;1;10;1
"final";3;1;0;4;0;0;7;0;4;0;9;0
"só";5;7;0;26;0;2;66;5;77;2;45;1
"dar";11;5;3;16;1;1;38;2;44;1;45;1
"todo";9;9;2;39;3;1;96;7;78;4;90;1
"mundo";4;2;0;4;0;2;7;1;15;1;10;0
"porque";9;9;4;30;9;6;76;8;120;12;74;5
"não";55;77;29;167;13;22;242;22;520;33;255;13
"ter";28;43;15;89;31;21;287;15;259;15;266;8
"dúvida";2;3;0;2;0;0;6;0;2;0;9;0
"tudo";6;9;0;4;1;2;9;2;21;0;10;0
"repetir";1;0;0;1;0;0;15;0;3;0;3;1
"acontecer";3;12;1;20;2;1;13;4;11;3;13;1
"nosso";8;8;6;14;1;6;32;6;40;0;43;0
"deus";3;4;0;4;0;0;2;0;2;0;13;0
"pro";15;11;3;15;1;0;57;8;44;1;44;1
"ele";28;32;6;47;4;14;44;12;107;21;61;8
"fim";3;3;0;4;4;0;9;0;2;0;4;0
"conta";1;4;0;6;1;3;1;0;2;1;0;1
"muita";1;3;0;3;1;0;15;0;5;0;20;0
"lula";14;10;6;2;0;8;16;12;12;0;10;13
"mandar";1;2;3;2;0;0;0;0;1;0;1;0
"primeiro";4;4;4;14;3;3;34;5;25;0;23;0
"este";3;0;0;5;0;1;7;0;10;0;6;0
"cara";2;4;0;3;0;0;2;6;1;0;0;0
"já";6;3;4;28;4;2;55;2;86;2;49;0
"haver";3;2;3;17;1;3;54;0;67;5;46;0
"três";2;2;0;4;2;0;5;0;5;1;3;0
"mandato";1;0;0;1;1;0;1;0;1;2;3;0
"continuar";2;0;2;3;0;1;10;0;22;0;9;0
"segurança";1;0;0;5;0;1;2;7;3;0;3;0
"milhão";6;0;0;0;1;0;6;3;8;1;13;0
"brasileiro";2;1;0;7;1;1;30;1;26;0;57;1
"regra";1;2;0;0;0;0;5;0;7;0;0;0
"crime";1;4;0;10;0;0;0;0;1;1;0;1
"deixar";2;2;1;5;0;0;20;0;19;0;12;0
"presidente";3;3;6;63;3;12;52;7;182;3;128;5
"seu";10;7;2;6;1;2;26;3;42;4;25;0
"dinheiro";2;3;1;1;1;0;10;1;2;2;3;0
"bilhão";2;3;0;1;0;0;15;2;0;0;4;0
"real";3;1;0;2;0;0;4;0;3;0;5;0
"colocar";7;4;3;16;3;3;28;2;53;1;25;3
"lei";1;2;0;10;4;0;3;1;9;2;8;0
"stf";3;5;0;6;0;1;0;0;1;1;0;1
"falta";4;1;0;2;1;1;2;1;2;0;11;0
"vergonha";1;0;0;0;3;0;0;2;3;0;0;3
"homem";4;0;0;1;2;7;2;2;1;0;0;0
"verdade";1;5;0;6;2;1;3;0;19;0;10;1
"trabalho";2;0;0;5;4;0;8;0;22;0;24;0
"3";1;0;0;7;0;1;10;0;9;1;7;0
"ano";7;5;4;22;6;2;61;0;33;1;47;3
"6";1;0;0;2;0;0;1;0;6;0;4;0
"mês";1;0;0;4;0;0;5;0;0;0;3;0
"8";4;0;1;10;0;0;3;1;11;0;2;1
"contra";3;2;2;31;3;1;6;0;35;1;8;1
"até";5;6;1;15;4;3;32;2;36;2;23;0
"ainda";1;3;0;9;0;3;21;3;15;0;19;0
"manifestação";1;0;0;10;1;1;3;1;7;0;0;0
"mesa";1;0;0;1;0;0;3;0;20;0;0;0
"câmara";1;0;2;3;3;0;3;0;14;0;7;0
"congresso";4;3;1;2;1;0;14;0;0;3;4;0
"nacional";1;2;1;13;1;0;26;1;32;0;38;0
"depois";6;4;0;0;0;0;10;2;17;1;19;0
"aprovar";2;0;3;16;0;0;14;0;38;0;9;0
"aí";12;26;0;18;8;0;33;3;37;1;31;1
"sistema";1;0;0;4;1;0;2;0;13;0;7;0
"cair";9;0;1;0;0;0;2;1;3;2;5;0
"pena";4;1;0;3;0;0;1;0;1;0;0;1
"te";3;5;1;1;1;0;2;1;4;3;8;1
"perguntar";3;0;0;2;2;0;11;0;9;0;0;0
"conversar";1;1;0;2;0;0;6;0;14;0;2;1
"jair";4;1;0;1;0;4;0;0;1;0;0;0
"bolsonaro";6;10;2;9;1;11;1;4;15;0;5;2
"dizer";12;4;10;24;8;10;60;3;83;16;89;1
"votar";3;0;0;13;0;0;8;1;51;1;13;0
"favor";1;0;1;4;0;0;2;0;14;0;2;0
"jamais";3;0;0;1;1;1;2;1;1;3;1;0
"sofrer";3;2;0;2;1;1;3;1;4;0;2;0
"mim";1;3;0;5;0;0;7;1;11;3;5;2
"somente";5;3;0;4;0;3;6;1;9;3;3;2
"chamar";5;2;3;8;0;2;1;0;3;1;7;3
"vir";3;3;5;15;2;0;17;2;17;0;18;0
"ladrão";2;0;0;0;0;2;0;0;8;0;0;3
"lugar";5;1;0;1;1;1;6;1;6;0;5;0
"prisão";3;0;0;10;0;2;0;2;2;0;0;0
"moral";9;1;3;1;0;0;0;0;7;0;1;0
"alguém";1;2;0;7;1;0;2;1;9;1;6;0
"algum";2;3;1;13;4;0;13;2;21;0;12;1
"mais";5;13;4;22;7;10;57;9;59;1;83;3
"moraes";3;5;1;0;0;0;0;0;0;1;0;0
"senhor";3;0;0;55;11;6;87;0;72;4;101;4
"política";2;2;0;7;1;1;16;0;17;0;11;0
"quê";6;2;1;0;0;0;2;0;5;2;1;1
"meu";3;4;1;7;3;1;43;0;38;2;35;1
"lado";2;0;0;6;0;0;3;0;11;0;7;0
"chamado";2;0;0;3;1;1;2;0;6;0;3;2
"pai";5;0;0;1;2;3;9;2;11;0;4;0
"saber";11;18;2;19;2;2;43;6;37;8;33;2
"quem";7;2;5;24;3;3;19;1;18;3;16;1
"uma";16;37;7;69;32;12;197;9;226;14;150;9
"extremista";2;0;2;2;0;0;1;0;3;0;6;0
"outro";7;6;0;20;0;0;24;4;53;1;31;0
"ministro";5;0;0;3;2;3;127;0;4;0;15;0
"inclusive";2;0;0;25;5;1;29;4;37;1;36;1
"lá";6;12;1;9;0;2;34;2;27;0;18;0
"nada";2;6;1;7;0;1;3;1;8;2;1;0
"literalmente";2;3;0;2;0;0;0;2;0;1;1;0
"pegar";2;1;0;0;1;0;2;0;2;0;4;0
"presente";1;0;0;9;0;0;4;0;12;0;7;0
"aquela";1;0;1;1;0;0;11;0;2;0;11;1
"polícia";1;1;0;6;0;1;3;0;3;0;0;1
"dever";4;1;0;9;2;1;12;3;26;0;15;1
"agora";5;10;2;15;2;6;39;3;39;3;26;3
"17";1;2;0;1;0;0;0;0;6;0;2;1
"cadeia";6;1;0;3;0;0;0;0;1;0;1;3
"esperar";2;2;0;1;0;0;11;1;5;1;21;0
"fugir";2;0;0;2;0;0;0;3;2;0;5;0
"justiça";2;0;1;3;0;0;1;1;1;0;1;0
"certeza";1;3;0;5;2;0;4;0;2;1;10;0
"condenar";1;8;0;17;1;0;0;0;0;1;1;1
"como";8;14;2;46;5;6;67;6;90;6;92;1
"mãe";2;0;0;2;0;0;4;0;4;0;0;0
"simplesmente";1;0;0;4;2;3;2;0;4;4;2;4
"político";3;1;0;13;1;0;9;0;5;0;21;0
"acabar";1;1;0;3;0;0;10;1;11;1;7;0
"oportunidade";1;0;0;2;0;0;8;0;2;0;5;0
"viver";2;3;0;4;0;0;4;0;2;2;2;0
"liberdade";1;0;0;17;0;3;2;0;23;0;5;0
"filho";2;3;0;2;3;0;16;1;28;0;8;0
"se";20;16;10;87;13;9;116;7;177;20;106;4
"sua";4;15;2;17;7;3;22;2;45;4;47;0
"junto";1;0;0;1;0;0;8;0;3;0;3;0
"papel";4;0;0;2;2;1;5;0;8;0;2;0
"família";3;1;0;5;0;0;10;2;9;1;11;0
"ó";1;1;0;4;0;0;1;0;2;1;0;0
"caso";1;3;0;7;2;2;6;0;32;0;3;1
"contrário";1;2;0;7;1;2;2;0;19;0;7;3
"tirar";4;2;0;1;0;0;5;1;9;0;2;0
"obrigar";4;1;1;20;5;0;41;0;33;1;55;1
"também";7;6;0;31;6;8;44;7;74;0;63;2
"vário";2;2;0;2;0;0;6;0;13;1;11;0
"perseguição";1;1;0;2;2;0;2;0;4;1;0;0
"verde";3;1;5;0;0;1;0;0;0;0;0;0
"amarelo";3;1;5;0;0;1;0;0;0;0;0;0
"vermelho";1;2;5;3;0;0;0;0;0;1;0;0
"bem";1;3;1;6;1;2;19;0;13;0;22;3
"problema";1;2;0;3;2;1;11;1;16;0;14;0
"roubar";2;3;0;3;0;0;0;1;3;2;1;0
"república";1;3;1;7;0;2;0;2;3;1;1;1
"nunca";1;2;0;7;1;2;10;2;13;3;3;0
"perseguir";4;1;0;0;1;0;2;0;12;0;1;0
"conseguir";1;3;0;10;0;3;14;2;8;2;20;4
"absolutamente";1;0;0;3;1;0;1;0;1;1;3;2
"ah";2;1;0;10;3;0;15;1;34;2;4;0
"começar";3;0;0;0;0;0;4;1;9;1;10;0
"aquele";3;0;2;9;0;1;7;0;12;0;22;0
"abrir";2;1;0;1;0;1;13;3;5;0;4;1
"direito";2;2;0;19;7;2;22;3;51;0;41;1
"esquerdo";2;8;0;10;6;5;3;1;60;0;28;1
"semana";1;0;4;5;0;0;2;0;6;0;6;0
"passado";1;0;1;7;1;1;16;0;20;0;10;0
"talvez";2;2;4;3;0;0;5;0;4;0;9;1
"sentir";2;0;0;0;1;0;0;0;1;0;7;0
"né";2;1;1;16;11;3;40;2;21;5;33;6
"coronel";2;0;0;4;0;0;5;0;0;0;3;0
"momento";3;4;0;5;0;1;11;0;18;0;19;1
"pedir";3;3;3;18;0;0;14;0;46;3;22;1
"estado";1;4;0;8;0;0;53;1;12;0;23;2
"unido";1;3;0;1;0;0;1;0;3;0;0;1
"música";2;1;0;0;0;0;1;0;9;0;0;0
"achar";4;2;0;9;3;0;29;3;27;1;29;0
"fake";1;0;0;8;0;0;1;0;5;3;1;0
"news";1;0;0;8;0;0;1;0;5;3;1;0
"isso";4;26;3;48;14;5;98;16;154;12;98;7
"minha";2;1;0;16;5;1;28;4;34;4;27;0
"segundo";1;0;0;8;0;4;17;0;24;1;16;1
"amigo";2;1;0;2;0;0;0;1;7;1;2;0
"seguinte";3;1;1;6;1;0;1;0;24;2;8;0
"expor";2;0;0;2;0;0;0;0;4;2;1;0
"lembrar";4;2;0;6;0;0;15;1;4;0;13;0
"parar";7;8;0;8;0;2;2;0;1;1;1;0
"essa";10;7;2;34;3;3;81;4;96;3;70;1
"menos";1;1;0;3;1;1;5;1;5;1;2;0
"importante";1;5;0;9;4;0;24;3;18;0;38;0
"nicolas";3;6;0;2;2;0;5;0;1;2;16;0
"dois";2;0;1;12;0;0;11;2;31;0;8;0
"vez";2;6;1;10;4;4;29;4;35;2;24;1
"rua";1;1;0;7;0;2;0;0;1;0;0;0
"coisa";3;11;2;8;0;0;16;0;25;0;20;1
"cada";3;0;0;1;0;1;10;1;25;0;25;0
"imaginar";1;1;0;2;0;0;6;2;2;1;3;0
"tanto";1;0;0;6;3;2;18;1;10;2;8;0
"acompanhar";1;0;0;3;2;0;5;0;1;0;4;0
"medo";7;0;0;2;0;0;0;0;6;0;3;0
"aquilo";2;3;0;6;2;1;4;0;5;1;9;0
"correto";1;0;0;0;0;0;3;0;5;0;1;0
"tomar";1;7;1;1;2;1;5;0;10;0;4;0
"passo";3;2;0;8;1;0;4;0;4;0;2;1
"esta";1;0;0;7;0;0;4;1;10;0;14;0
"responsabilidade";4;0;0;0;1;0;7;0;0;0;6;0
"pt";2;6;2;2;0;0;4;1;1;1;2;2
"entender";1;6;0;9;0;0;8;0;27;0;13;0
"ela";2;5;2;20;6;1;39;2;31;0;41;1
"precisar";4;5;0;12;3;1;50;1;24;0;42;0
"eleição";1;2;0;0;2;1;0;0;2;2;2;0
"ficar";2;5;0;14;0;4;24;2;31;0;26;1
"ouvir";2;1;0;2;0;10;16;0;21;0;8;0
"diferente";1;0;0;1;1;0;8;0;8;0;6;0
"quatro";3;0;0;0;0;1;3;0;1;0;2;0
"4";2;0;0;1;0;0;7;1;7;1;1;2
"20";2;0;1;3;0;2;5;0;12;0;2;0
"governo";4;0;0;7;2;0;88;5;33;1;24;1
"povo";3;2;4;5;1;2;7;0;6;0;9;1
"pobre";1;0;0;1;0;2;4;1;0;0;3;0
"alguma";1;0;0;3;2;0;13;1;4;0;12;0
"milhar";1;1;0;3;0;0;4;0;1;0;1;0
"levantar";3;1;0;2;1;1;4;0;6;1;6;0
"permanecer";2;0;0;4;0;0;1;0;1;0;2;0
"pé";2;0;0;2;0;0;16;1;1;0;3;0
"qual";1;2;0;11;4;0;29;2;26;0;12;1
"próximo";2;1;0;2;1;0;17;0;6;0;33;0
"claro";1;3;0;5;1;0;10;1;16;1;11;1
"apenas";1;0;0;2;1;0;17;0;13;0;10;0
"pessoal";1;1;0;3;0;0;4;1;6;1;20;0
"antes";2;2;0;1;1;0;9;0;19;0;11;0
"finalizar";2;1;0;3;0;0;11;0;5;0;5;1
"passar";1;0;1;10;1;3;26;1;15;1;19;0
"palavra";1;1;0;21;1;3;21;0;53;2;44;0
"vender";1;3;0;2;0;2;6;0;2;0;2;0
"mata";3;0;0;1;0;0;0;0;5;0;2;0
"geral";3;0;0;6;0;0;1;0;3;1;1;0
"escola";1;0;0;12;12;0;108;0;51;0;82;0
"5";3;0;0;2;1;0;8;0;5;1;2;0
"ajudar";2;1;0;1;1;0;6;1;1;0;4;0
"rede";2;2;0;11;0;0;18;0;6;2;20;0
"globo";1;0;0;2;0;0;0;0;6;0;2;0
"social";1;2;0;13;0;0;1;0;7;2;14;0
"encerrar";1;0;0;5;0;0;8;0;2;0;4;0
"valor";1;0;0;1;0;0;6;0;3;0;10;0
"alimentação";1;0;0;0;0;0;5;0;5;0;7;0
"000";2;3;1;0;0;2;8;0;1;0;10;0
"eh";1;1;0;32;9;0;90;0;99;1;129;1
"agradecer";1;0;0;4;2;0;12;0;2;0;4;0
"minuto";2;0;0;7;0;2;16;0;39;2;24;0
"silêncio";2;0;0;0;0;1;0;0;8;0;0;0
"perder";1;1;0;6;0;0;8;1;6;0;9;0
"vida";1;7;0;4;0;1;10;0;2;1;15;0
"forma";1;3;0;13;1;0;16;1;30;0;30;0
"respeito";1;0;0;4;3;1;6;0;22;0;22;0
"sim";0;4;2;4;4;0;6;1;26;0;19;0
"único";0;1;0;1;0;0;6;0;5;0;1;0
"pergunta";0;2;0;0;3;0;33;0;1;0;3;0
"ponto";0;5;2;7;0;0;11;0;26;2;8;0
"olhar";0;3;0;8;2;2;21;2;21;0;4;5
"frente";0;1;0;1;0;0;5;0;0;1;7;0
"basicamente";0;6;0;0;1;0;0;1;0;3;0;0
"gostar";0;2;0;16;1;1;9;3;36;0;21;3
"concordar";0;3;0;3;0;0;4;1;14;0;2;0
"afinal";0;4;0;3;1;3;0;0;2;1;0;1
"explicar";0;1;0;4;0;0;0;0;0;0;8;0
"ex";0;4;0;3;0;2;5;0;1;0;3;0
"tornar";0;2;0;0;1;0;3;0;3;0;3;0
"pensar";0;2;0;2;0;0;6;0;7;0;4;0
"preciso";0;1;0;6;1;0;5;1;10;0;11;0
"usar";0;7;0;11;1;0;3;0;19;0;3;0
"casa";0;5;0;7;1;1;5;0;17;1;23;0
"encontrar";0;1;0;5;0;0;4;0;5;0;3;0
"14";0;2;0;1;0;0;1;0;21;0;0;0
"1";0;1;0;6;0;0;8;0;12;0;5;0
"19";0;1;0;9;0;0;0;0;13;0;0;0
"7";0;1;0;0;0;0;3;2;13;0;7;0
"hora";0;3;0;1;0;0;4;1;11;1;8;0
"próprio";0;3;0;6;1;0;4;2;14;2;12;0
"quando";0;6;0;22;5;3;42;0;30;1;27;3
"democracia";0;6;0;23;3;4;2;0;2;0;11;0
"popular";0;1;0;12;0;0;1;0;1;0;0;0
"pastor";0;1;0;0;0;0;0;0;1;1;12;0
"estudante";0;1;0;10;0;0;5;0;3;0;34;0
"opinião";0;1;0;1;1;1;2;0;4;1;13;0
"pandemia";0;1;0;7;0;0;1;1;1;0;0;0
"tentativa";0;1;0;5;1;0;0;0;4;0;1;0
"golpe";0;8;0;10;0;0;0;2;4;0;0;0
"preocupado";0;3;0;0;0;0;0;3;1;0;3;0
"causa";0;1;0;0;0;0;2;0;10;0;0;0
"receber";0;1;0;0;1;1;19;0;6;0;6;0
"oposição";0;1;0;3;0;0;3;0;3;0;0;0
"venezuela";0;1;0;8;0;0;0;1;0;0;1;0
"através";0;1;0;0;0;0;4;0;1;0;14;1
"corte";0;5;0;3;2;0;0;1;4;0;0;0
"exatamente";0;2;0;1;2;0;4;0;1;0;5;1
"me";0;2;1;14;4;1;32;0;44;3;29;1
"parecer";0;2;0;12;0;1;7;1;6;0;9;0
"tipo";0;4;0;6;0;0;3;1;20;1;10;0
"principal";0;1;0;1;0;0;2;1;3;0;3;0
"nossa";0;6;0;8;4;2;18;4;19;0;30;1
"federal";0;1;1;14;4;2;51;1;8;0;36;1
"enfim";0;7;0;1;1;0;6;1;3;0;5;0
"tentar";0;1;0;5;1;0;9;0;15;3;9;0
"fossar";0;2;0;7;1;0;0;0;14;1;2;0
"assim";0;4;0;8;3;4;19;2;31;0;20;0
"absurdo";0;1;0;5;0;0;1;0;6;0;5;0
"ai";0;2;0;0;0;1;0;0;6;0;0;1
"história";0;2;0;4;0;1;3;0;21;0;4;0
"caro";0;3;0;2;0;3;0;0;2;1;2;0
"rio";0;1;0;3;0;0;34;0;6;0;5;0
"janeiro";0;1;0;7;0;0;7;0;6;0;5;1
"possível";0;1;0;6;0;0;4;0;16;0;3;0
"possibilidade";0;1;0;2;1;0;0;0;8;0;1;0
"pagar";0;1;1;4;0;0;2;0;0;1;9;0
"galera";0;2;0;1;0;0;0;1;1;0;8;0
"mentira";0;1;0;1;0;0;1;1;6;1;0;0
"escrever";0;1;0;1;0;0;0;0;5;0;3;0
"voto";0;1;1;6;1;0;1;0;23;0;3;0
"ninguém";0;1;2;2;1;0;4;0;10;0;4;0
"decisão";0;8;0;1;1;0;1;0;4;0;4;0
"decidir";0;2;0;1;1;0;3;0;1;0;2;0
"apoio";0;1;0;2;0;0;9;0;5;0;1;0
"obviamente";0;1;0;3;5;0;1;0;6;1;9;0
"parte";0;2;0;6;0;0;8;0;15;0;10;0
"sobre";0;1;0;22;1;0;24;1;38;6;34;0
"exemplo";0;6;0;7;5;2;13;1;17;0;15;0
"resolver";0;3;0;1;0;1;6;1;7;0;3;0
"questão";0;2;1;12;1;0;29;0;46;1;44;0
"vídeo";0;6;0;0;0;0;3;2;2;1;0;0
"anterior";0;1;0;2;2;0;4;0;8;1;3;0
"tratar";0;1;0;4;5;0;13;0;10;0;8;0
"durante";0;1;0;4;1;0;4;0;5;1;7;1
"inteiro";0;2;0;1;0;0;5;0;1;1;3;0
"acreditar";0;2;1;9;8;3;12;1;19;0;15;0
"trazer";0;1;0;3;1;1;10;1;7;0;8;0
"entre";0;1;0;6;1;1;6;4;5;0;13;0
"pouco";0;1;0;4;1;1;9;0;7;1;8;0
"paraa";0;1;0;2;1;0;11;1;5;0;10;0
"deputado";0;2;1;92;13;7;90;0;279;14;199;2
"internacional";0;1;0;0;0;1;2;0;3;0;1;2
"ataque";0;2;0;1;0;0;1;0;4;0;11;0
"paulo";0;1;1;6;0;1;10;0;12;1;12;0
"principalmente";0;2;0;1;1;0;1;0;2;0;8;0
"apresentar";0;2;0;0;1;0;9;0;12;0;8;0
"solução";0;1;0;1;1;0;9;0;1;0;4;0
"partir";0;1;0;2;0;0;5;0;6;0;5;0
"melhor";0;1;0;2;1;0;15;0;8;1;17;0
"demais";0;1;0;4;0;0;1;0;16;3;6;0
"dentro";0;1;0;4;0;1;6;0;23;0;6;0
"mudar";0;4;0;0;0;1;6;0;1;1;4;0
"seguir";0;1;0;2;0;0;4;0;5;2;4;0
"perfeito";0;1;0;2;0;0;0;0;1;0;7;0
"aumento";0;1;0;1;0;0;6;0;4;0;3;0
"levar";0;1;0;2;0;0;4;0;8;0;11;0
"ganhar";0;1;0;2;0;0;3;0;2;0;2;1
"competência";0;2;0;4;0;0;1;0;2;0;1;0
"luta";0;1;0;5;0;0;5;0;2;0;8;0
"nenhum";0;1;1;8;1;2;17;2;22;3;18;1
"defender";0;1;0;22;2;0;10;0;8;3;5;0
"parlamento";0;1;0;6;0;1;5;0;5;0;9;1
"ditadura";0;1;0;6;0;1;0;0;4;0;1;0
"aprender";0;1;0;0;0;0;0;0;7;0;4;0
"ação";0;2;0;12;0;0;8;0;1;0;2;0
"sempre";0;1;1;6;0;0;10;0;10;1;13;0
"extremamente";0;1;0;2;0;1;4;0;1;0;2;0
"novo";0;2;0;6;1;0;18;0;9;0;28;0
"virar";0;1;0;1;1;0;3;0;2;1;1;0
"fato";0;5;0;25;9;6;7;3;22;2;38;3
"situação";0;1;0;4;0;0;7;0;3;1;7;0
"existir";0;4;0;5;2;1;14;0;26;0;13;0
"sugerir";0;1;0;3;0;0;1;0;4;0;4;0
"caminho";0;1;0;0;0;1;3;0;2;0;6;0
"funcionar";0;1;0;2;0;0;6;1;4;1;3;0
"trabalhador";0;1;0;1;0;0;3;2;0;0;3;0
"trabalhar";0;1;1;1;1;0;6;1;1;0;6;0
"qualquer";0;1;0;7;0;0;3;1;8;1;23;0
"necessário";0;1;0;7;2;1;4;0;4;0;3;0
"último";0;2;1;0;0;1;7;0;11;0;11;0
"enfrentar";0;1;1;0;0;0;2;0;6;0;5;0
"condição";0;1;0;1;0;0;2;0;6;0;12;0
"certo";0;2;0;0;0;0;1;0;7;0;9;0
"sem";0;1;1;5;0;1;28;0;21;0;21;2
"melhorar";0;1;0;0;0;0;5;0;0;0;6;0
"depender";0;2;0;2;0;0;2;0;8;0;2;0
"grupo";0;1;0;4;0;0;5;0;19;0;3;5
"conhecer";0;1;0;2;0;0;1;1;5;0;3;0
"processo";0;1;0;7;0;2;17;0;5;0;3;0
"atingir";0;1;0;3;0;2;4;1;1;1;3;0
"esquecer";0;1;0;2;0;0;2;0;3;0;2;0
"estratégia";0;0;0;0;0;0;6;0;6;1;1;0
"utilizar";0;0;0;3;0;0;4;0;3;1;1;0
"aumentar";0;0;0;0;0;0;3;0;4;0;4;0
"contar";0;0;0;4;0;1;10;0;4;2;6;0
"votação";0;0;0;11;0;0;0;0;39;0;8;0
"atrás";0;0;0;1;1;1;2;1;0;0;3;1
"tempo";0;0;0;17;0;0;44;3;63;3;28;0
"tô";0;0;1;4;0;0;14;0;22;0;5;0
"público";0;0;0;21;1;1;30;2;30;1;31;0
"listar";0;0;1;0;0;0;0;1;1;1;8;0
"responder";0;0;0;1;0;0;10;0;10;0;10;0
"cidade";0;0;0;0;0;0;3;0;8;0;2;0
"quase";0;0;0;0;1;0;3;0;3;2;6;0
"curso";0;0;0;2;0;0;19;0;0;0;3;0
"entrar";0;0;1;3;0;0;10;0;14;0;5;0
"ministério";0;0;0;6;0;0;25;0;1;0;1;0
"acusar";0;0;1;5;0;1;0;0;5;0;1;1
"vista";0;0;0;4;0;0;4;0;5;0;2;0
"nome";0;0;0;4;0;1;1;0;9;0;4;0
"tal";0;0;0;4;0;0;3;0;3;0;4;2
"focar";0;0;0;1;0;0;8;0;0;0;3;0
"nícolas";0;0;0;2;0;0;1;0;7;1;2;0
"básico";0;0;0;4;3;0;26;0;9;0;14;0
"pl";0;0;0;15;2;0;0;0;3;0;2;0
"estudo";0;0;0;0;1;0;12;0;0;0;5;0
"perceber";0;0;0;1;0;1;2;0;4;0;6;0
"sair";0;0;0;1;1;4;11;4;10;1;15;0
"estabelecer";0;0;0;2;0;0;1;0;7;0;1;0
"voltar";0;0;0;4;0;3;9;0;3;0;2;0
"projeto";0;0;3;17;2;1;18;1;14;0;12;0
"água";0;0;0;0;0;0;1;0;2;0;17;0
"2024";0;0;0;7;0;1;3;0;4;0;6;0
"mínimo";0;0;0;2;0;0;6;1;3;0;2;0
"cinco";0;0;0;1;1;1;2;0;2;0;5;0
"orientação";0;0;0;0;0;0;1;0;21;0;5;0
"partido";0;0;0;8;0;0;1;0;16;0;18;0
"específico";0;0;0;0;0;0;7;0;10;0;0;0
"posição";0;0;0;2;1;1;3;0;5;0;10;0
"bater";0;0;0;0;0;3;0;0;10;0;1;0
"posicionamento";0;0;0;0;0;0;9;0;8;0;6;0
"ler";0;0;0;2;0;0;2;0;13;0;7;0
"estudar";0;0;0;0;0;0;3;0;1;0;7;0
"entidade";0;0;0;2;0;0;3;0;0;0;5;0
"grande";0;0;0;3;3;0;46;1;4;0;20;0
"manter";0;0;0;0;0;0;9;0;6;0;6;0
"tão";0;0;0;6;0;2;12;0;10;0;5;0
"senão";0;0;0;2;0;0;3;0;3;0;2;0
"plano";0;0;0;4;0;0;18;1;1;0;17;0
"representar";0;0;0;4;0;0;2;0;4;0;5;0
"feliz";0;0;0;0;0;0;3;0;1;0;6;0
"avaliar";0;0;0;0;2;0;14;0;2;0;2;0
"atacar";0;0;0;2;1;0;0;0;2;1;6;0
"medida";0;0;1;5;0;0;4;0;5;0;4;0
"relação";0;0;1;4;3;0;23;0;37;0;13;0
"mostrar";0;0;0;2;0;2;9;0;5;4;5;0
"importância";0;0;0;2;0;0;6;0;6;0;15;0
"perdão";0;0;0;0;0;0;1;0;11;1;6;0
"desculpa";0;0;0;2;0;0;3;1;3;0;2;0
"respeitar";0;0;0;2;0;0;8;0;4;0;7;0
"diferença";0;0;0;1;0;0;5;0;1;1;5;0
"debate";0;0;0;10;0;0;13;2;42;0;50;0
"ideia";0;0;0;4;1;1;8;1;1;0;7;0
"s";0;0;0;1;0;0;1;0;10;0;2;0
"preso";0;0;1;4;0;1;0;1;3;0;2;0
"logo";0;0;0;7;0;0;4;1;21;0;10;0
"quanto";0;0;0;1;2;2;8;1;9;0;18;0
"mal";0;0;0;8;1;0;2;0;3;0;11;0
"jovem";0;0;0;1;0;0;10;0;4;0;14;0
"livre";0;0;2;6;0;0;4;0;9;1;2;1
"considerar";0;0;0;4;1;0;2;0;1;0;6;0
"nível";0;0;0;2;0;0;6;0;2;2;3;0
"reunião";0;0;0;4;0;0;17;0;29;0;7;0
"gerar";0;0;0;1;0;0;3;0;5;0;2;0
"criar";0;0;0;3;1;0;15;0;8;0;6;0
"relator";0;0;0;7;0;0;1;0;0;1;5;0
"acordo";0;0;0;16;0;0;0;0;86;0;10;0
"maioria";0;0;0;3;0;0;7;0;6;0;5;0
"superior";0;0;0;0;0;0;8;0;4;0;1;0
"criminoso";0;0;0;12;0;0;0;0;0;0;0;0
"diverso";0;0;0;3;4;0;4;1;6;0;6;0
"pior";0;0;0;0;0;0;6;2;2;0;1;0
"população";0;0;0;0;1;0;3;2;5;0;6;0
"após";0;0;0;15;0;0;2;0;27;1;10;0
"comentário";0;0;0;0;0;0;6;0;3;0;1;0
"sentido";0;0;0;7;1;0;1;0;9;0;9;0
"pr";0;0;0;0;0;0;10;0;10;0;0;1
"mão";0;0;1;1;0;1;4;0;2;0;6;0
"sociedade";0;0;0;0;1;1;5;1;8;0;15;0
"ontem";0;0;0;3;0;1;2;1;0;0;4;0
"21";0;0;0;4;0;0;1;0;2;0;4;0
"transformar";0;0;0;3;0;0;2;0;2;1;4;0
"instrumento";0;0;0;2;0;0;0;0;8;0;0;0
"ideológico";0;0;0;3;0;0;11;0;4;0;37;0
"22";0;0;0;2;1;0;2;0;14;0;0;0
"número";0;0;0;16;0;0;5;0;30;0;7;0
"alto";0;0;0;1;0;1;9;0;0;0;2;0
"meio";0;0;0;3;1;0;19;0;8;1;7;0
"11";0;0;0;0;0;0;6;0;6;0;0;0
"defesa";0;0;0;8;1;0;3;0;3;4;9;0
"16";0;0;0;2;0;0;1;0;6;0;0;1
"citar";0;0;0;2;1;0;2;0;17;0;9;0
"pensamento";0;0;0;1;0;0;3;0;11;0;3;0
"aberto";0;0;0;0;0;0;5;0;6;0;0;0
"anteriormente";0;0;0;0;0;0;1;0;13;0;1;0
"caber";0;0;0;3;0;0;0;0;7;0;6;0
"saúde";0;0;0;2;0;0;7;0;0;0;1;0
"qualidade";0;0;0;3;0;0;16;0;8;1;16;0
"l";0;0;0;1;0;0;1;0;8;0;0;0
"dito";0;0;0;3;1;0;0;0;3;0;10;0
"realidade";0;0;0;1;1;0;5;0;7;0;2;0
"ato";0;0;0;23;1;0;0;0;2;0;5;2
"técnico";0;0;0;2;0;0;10;0;0;0;3;0
"base";0;0;0;2;0;0;6;0;7;0;7;0
"princípio";0;0;0;1;0;0;0;0;3;0;7;0
"resposta";0;0;0;3;0;0;3;1;12;0;17;0
"pauta";0;0;0;19;3;0;4;0;38;0;11;0
"100";0;0;2;1;0;0;8;0;2;0;11;0
"terceiro";0;0;1;2;0;0;2;0;3;2;5;0
"infelizmente";0;0;1;5;0;1;7;0;5;0;11;0
"preocupar";0;0;0;4;0;0;2;1;2;0;3;0
"técnica";0;0;0;2;1;0;5;0;10;0;1;0
"mulher";0;0;0;1;2;0;2;0;1;0;2;2
"discurso";0;0;0;6;0;1;3;0;4;1;8;0
"regimento";0;0;0;0;0;0;0;0;27;0;2;0
"interno";0;0;0;0;0;0;0;0;13;0;2;0
"apoiar";0;0;0;3;0;0;3;0;4;0;1;1
"discutir";0;0;0;20;2;0;8;0;58;2;26;0
"ruim";0;0;0;2;0;0;6;0;8;2;0;0
"modelo";0;0;0;0;0;0;29;0;0;0;2;0
"líder";0;0;0;0;0;0;2;0;15;1;14;0
"presidência";0;0;1;5;0;0;3;1;18;0;13;0
"10";0;0;2;7;1;2;11;0;15;0;7;0
"pautar";0;0;4;2;0;0;0;0;15;0;1;0
"ligar";0;0;0;1;0;0;4;0;10;0;0;0
"acesso";0;0;0;5;0;0;14;0;3;0;4;0
"fé";0;0;0;0;0;0;2;0;0;0;8;0
"compromisso";0;0;0;1;0;0;8;0;3;0;9;0
"concluir";0;0;0;1;0;0;10;0;15;0;11;0
"i";0;0;0;0;0;0;5;0;7;0;0;0
"30";0;0;0;3;0;0;7;0;6;0;8;1
"2023";0;0;0;2;0;0;4;0;4;0;2;0
"pesar";0;0;0;1;0;0;0;0;15;0;0;0
"t";0;0;0;3;0;0;2;0;6;0;3;0
"garantir";0;0;0;4;0;0;20;0;4;0;4;0
"programa";0;0;0;0;1;0;18;0;0;0;6;0
"verdadeiro";0;0;0;1;0;0;3;0;4;1;1;0
"usado";0;0;0;2;0;0;6;0;1;0;1;0
"objectivo";0;0;0;0;0;0;7;0;5;0;2;0
"universidade";0;0;0;3;8;0;35;2;17;0;16;0
"motivo";0;0;0;1;2;0;6;1;4;0;2;0
"presença";0;0;0;0;1;0;11;0;1;0;1;0
"além";0;0;0;3;0;0;5;0;7;0;3;3
"expressão";0;0;0;10;0;0;0;0;4;0;1;0
"extremo";0;0;0;5;0;0;4;1;30;0;6;0
"praticar";0;0;0;8;0;0;2;0;1;0;3;0
"diálogo";0;0;0;0;0;0;18;0;1;0;0;0
"debater";0;0;0;6;0;0;6;0;25;0;19;0
"assunto";0;0;0;1;0;0;5;0;5;0;4;0
"futuro";0;0;0;0;1;0;4;0;2;0;7;0
"resultado";0;0;0;1;0;0;25;0;7;0;5;0
"educação";0;0;0;41;21;0;151;3;103;0;156;0
"militante";0;0;0;2;0;0;1;0;7;0;0;0
"colégio";0;0;0;0;0;0;9;0;0;0;2;0
"terrorista";0;0;3;15;0;0;1;0;1;0;0;6
"nazista";0;0;0;2;0;0;0;0;8;0;0;1
"aceitar";0;0;0;1;0;0;3;0;4;0;4;0
"tender";0;0;0;3;0;0;5;0;3;0;4;0
"comunista";0;0;0;9;0;0;0;0;1;0;10;0
"movimento";0;0;0;26;0;0;6;0;3;0;2;0
"construir";0;0;0;2;0;0;11;0;13;0;4;0
"negar";0;0;0;0;0;0;5;0;4;0;5;0
"propor";0;0;0;2;0;0;1;0;12;0;5;0
"diante";0;0;0;1;0;0;1;1;5;0;3;0
"reconhecer";0;0;0;2;0;0;11;0;0;0;1;0
"realizar";0;0;0;7;2;0;3;0;2;0;3;0
"pedro";0;0;0;2;1;0;7;0;19;0;9;0
"religioso";0;0;0;0;0;0;0;0;2;0;10;0
"organizar";0;0;0;5;0;1;3;0;1;0;0;0
"estrutura";0;0;0;0;0;0;4;0;8;0;0;0
"prático";0;0;0;2;0;0;3;0;10;0;2;0
"nazismo";0;0;0;7;0;0;0;0;9;0;0;0
"disciplina";0;0;0;0;0;0;11;0;0;0;2;0
"formação";0;0;0;2;0;0;8;0;1;0;2;0
"campo";0;0;0;2;0;0;2;0;3;0;6;0
"participar";0;0;0;4;0;0;4;0;9;0;7;0
"livro";0;0;0;1;1;0;33;0;0;1;2;0
"definir";0;0;0;1;0;0;6;0;1;0;3;0
"senador";0;0;2;9;0;0;3;0;0;0;0;0
"pedido";0;0;1;2;0;3;9;0;8;0;13;0
"nação";0;0;1;0;0;0;1;0;5;0;4;0
"18";0;0;0;0;0;0;2;0;7;0;0;1
"governador";0;0;0;1;0;0;30;1;1;0;5;0
"índice";0;0;0;2;0;0;7;0;1;0;2;0
"investimento";0;0;0;0;0;0;12;0;3;0;2;0
"parabéns";0;0;0;1;0;0;4;0;4;0;7;1
"2";0;0;0;5;0;0;2;0;17;0;1;0
"gabinete";0;0;0;0;0;0;2;0;6;1;1;0
"qu";0;0;0;1;0;0;3;0;4;0;4;0
"professor";0;0;0;5;2;0;35;0;122;0;49;0
"secretário";0;0;0;0;0;0;4;0;3;0;6;0
"contribuir";0;0;0;0;1;0;2;0;1;0;8;0
"início";0;0;0;1;0;0;7;0;3;0;3;0
"terminar";0;0;0;0;0;0;7;0;4;0;2;0
"café";0;0;0;0;0;0;0;0;13;0;0;0
"cumprir";0;0;0;0;0;0;5;0;3;0;10;0
"sessão";0;0;0;0;0;0;0;0;9;0;3;0
"tema";0;0;0;2;7;0;15;0;29;0;10;0
"parlamentar";0;0;0;14;0;1;10;0;9;0;7;0
"retirar";0;0;0;16;0;1;0;0;19;0;1;0
"pgr";0;0;0;8;0;0;2;0;1;0;0;0
"maneira";0;0;0;2;1;0;0;0;7;1;6;0
"democrático";0;0;0;2;0;1;6;0;4;1;10;0
"previsão";0;0;0;0;0;0;6;0;4;0;0;0
"santana";0;0;0;0;0;0;10;0;0;0;4;0
"municipal";0;0;0;1;0;0;7;0;6;0;7;0
"histórico";0;0;0;3;0;1;2;0;6;0;3;0
"enviar";0;0;0;1;0;0;1;0;11;0;0;0
"recurso";0;0;0;1;0;0;23;1;3;0;2;0
"senor";0;0;0;3;0;1;3;0;4;0;1;0
"comissão";0;0;0;46;10;0;32;0;117;2;120;0
"autor";0;0;0;9;0;0;1;0;6;0;3;0
"plenário";0;0;0;1;0;0;0;0;7;0;6;0
"permitir";0;0;0;3;0;0;4;0;4;0;4;0
"2021";0;0;0;10;0;0;0;0;1;0;0;0
"incluir";0;0;0;5;0;0;1;0;4;0;3;0
"aluno";0;0;0;4;1;0;45;0;29;0;36;0
"privado";0;0;0;4;0;0;4;0;1;1;1;0
"atender";0;0;0;0;0;0;4;0;8;0;4;0
"conceder";0;0;0;3;0;0;4;0;3;0;18;0
"botar";0;0;0;1;0;0;4;0;4;0;1;0
"registrar";0;0;0;2;0;0;5;0;9;0;0;0
"terrorismo";0;0;0;19;0;0;1;0;0;0;0;2
"espaço";0;0;0;1;0;0;3;0;7;0;8;0
"visita";0;0;0;0;0;0;1;0;11;0;0;0
"estadual";0;0;0;2;0;0;9;0;9;0;5;0
"aproveitar";0;0;0;4;0;0;2;0;3;0;1;0
"retomar";0;0;0;0;0;0;6;0;3;0;2;0
"discussão";0;0;0;6;1;0;3;0;29;0;22;0
"constitucional";0;0;0;0;0;0;8;0;3;0;0;0
"15";0;0;0;2;0;0;3;2;11;0;9;0
"andré";0;0;0;23;0;0;0;0;2;0;0;0
"desejar";0;0;0;1;1;1;0;0;12;0;3;0
"favorável";0;0;0;5;0;0;0;0;6;0;1;0
"requerimento";0;0;0;29;0;0;2;0;144;0;17;0
"lhe";0;0;0;3;0;1;2;0;6;0;12;0
"neto";0;0;0;1;0;0;0;0;8;0;1;0
"questionar";0;0;0;0;1;0;0;0;9;0;2;0
"ok";0;0;0;5;0;0;5;0;24;1;7;0
"artigo";0;0;0;5;0;0;0;0;28;0;9;0
"prefeito";0;0;0;3;0;1;12;2;4;1;3;0
"fernandes";0;0;0;20;0;0;0;0;0;0;1;0
"tarcísio";0;0;0;0;0;0;3;0;10;0;6;0
"indicação";0;0;0;2;4;0;0;0;4;0;0;0
"sul";0;0;0;0;0;0;25;1;0;0;0;0
"garantia";0;0;0;0;0;0;6;0;1;0;3;0
"ordem";0;0;0;9;0;0;1;0;32;0;16;0
"atuar";0;0;0;5;0;0;2;0;2;0;1;0
"bahia";0;0;0;1;0;0;13;0;0;0;2;0
"marco";0;0;0;1;0;0;5;0;9;0;12;0
"militar";0;0;0;7;1;0;30;0;2;0;1;0
"capitão";0;0;0;7;0;0;3;0;2;0;6;0
"solicitar";0;0;0;3;0;0;2;0;9;0;1;0
"uso";0;0;0;2;0;0;0;0;4;0;7;0
"necessidade";0;0;0;1;0;0;4;0;3;0;2;0
"conselho";0;0;0;2;0;0;5;0;3;0;2;0
"procedimento";0;0;0;4;0;0;0;0;28;0;5;0
"encaminhar";0;0;0;9;0;0;6;0;10;1;3;0
"membro";0;0;0;4;0;0;0;0;13;0;3;0
"conteúdo";0;0;0;3;0;0;0;0;7;0;1;0
"categoria";0;0;0;0;0;0;6;0;4;0;1;0
"vossa";0;0;0;18;0;1;20;0;47;0;36;0
"excelência";0;0;0;19;0;1;19;0;49;0;35;0
"ideologia";0;0;0;1;2;0;5;0;3;0;13;0
"23";0;0;0;1;0;0;2;0;8;0;0;0
"paraná";0;0;0;1;0;0;12;0;0;0;0;0
"proposta";0;0;0;6;4;0;14;0;16;0;7;0
"requerer";0;0;0;1;0;0;0;0;10;0;3;0
"orçamento";0;0;0;0;0;0;16;1;0;0;2;0
"conduzir";0;0;0;0;0;0;1;0;3;0;8;0
"al";0;0;0;3;0;0;0;0;10;0;0;0
"liderança";0;0;0;10;0;0;5;0;18;0;2;0
"apesar";0;0;0;1;0;0;3;0;4;0;3;0
"aliás";0;0;0;0;0;0;4;0;5;0;3;0
"fundamental";0;0;0;3;0;0;6;1;8;0;13;0
"independente";0;0;0;0;0;0;7;0;1;0;3;0
"pne";0;0;0;0;2;0;14;0;0;0;2;0
"avaliação";0;0;0;0;0;0;12;0;1;0;0;0
"alfabetização";0;0;0;2;1;0;14;0;0;0;1;0
"colega";0;0;0;3;0;1;3;0;6;0;8;0
"ensino";0;0;0;10;1;0;42;1;14;0;44;0
"formar";0;0;0;3;1;0;2;0;5;0;3;0
"estudantil";0;0;0;14;0;0;1;1;1;0;2;0
"médio";0;0;0;4;0;0;17;0;0;0;27;0
"matemática";0;0;0;0;0;0;7;0;2;0;4;0
"aprendizagem";0;0;0;8;0;0;5;0;0;0;1;0
"educacional";0;0;0;3;0;0;6;0;3;0;2;0
"meta";0;0;0;0;0;0;18;1;1;0;4;0
"escolar";0;0;0;7;1;0;20;0;6;0;8;0
"juventude";0;0;0;20;0;0;0;0;0;0;2;0
"feliciano";0;0;0;0;0;0;4;0;5;0;11;0
"gaiar";0;0;0;0;0;0;5;0;18;0;0;0
"gentileza";0;0;0;4;0;0;1;0;33;0;20;0
"equipa";0;0;0;1;0;0;8;0;0;0;4;0
"matéria";0;0;0;5;0;0;2;0;2;0;2;0
"sugestão";0;0;0;0;0;0;1;0;10;0;2;0
"lamentar";0;0;0;2;0;0;0;0;7;0;3;0
"fala";0;0;0;0;0;0;4;0;6;0;3;2
"greve";0;0;0;0;0;0;34;0;0;0;6;0
"regimental";0;0;0;0;0;0;0;0;12;0;5;0
"religião";0;0;0;0;0;0;0;0;0;0;11;0
"instituto";0;0;0;0;0;0;23;0;2;0;20;0
"audiência";0;0;0;6;1;0;11;0;26;0;3;0
"sala";0;0;0;0;1;0;5;0;38;0;5;0
"aula";0;0;0;0;1;0;15;0;40;0;16;0
"mérito";0;0;0;1;0;0;2;0;7;1;0;0
"fechar";0;0;0;3;0;0;1;0;3;0;4;0
"parabenizar";0;0;0;1;0;0;6;0;0;0;6;0
"camilo";0;0;0;0;0;0;14;0;0;0;6;0
"esclarecimento";0;0;0;2;1;0;4;0;4;0;2;0
"gustavo";0;0;0;1;0;0;4;0;22;0;0;0
"item";0;0;0;16;0;0;0;0;46;0;0;0
"conhecimento";0;0;0;1;1;0;5;0;3;0;6;0
"relevância";0;0;0;2;0;0;0;0;11;0;0;0
"tarciso";0;0;0;0;0;0;1;0;4;0;5;0
"fernando";0;0;0;0;0;0;0;0;1;0;9;0
"ampliar";0;0;0;0;0;0;12;0;1;0;0;0
"critério";0;0;0;0;0;0;8;0;5;0;1;0
"indicador";0;0;0;0;0;0;10;0;0;0;0;0
"inscrever";0;0;0;2;0;0;4;0;0;0;14;0
"federação";0;0;0;0;0;0;1;0;8;0;1;0
"avançar";0;0;0;4;0;0;10;0;3;0;12;0
"rogério";0;0;0;0;0;0;1;0;9;0;0;0
"mec";0;0;0;1;0;0;35;0;1;0;3;0
"reajuste";0;0;0;0;0;0;21;0;2;0;2;0
"servidor";0;0;0;0;0;0;15;0;0;0;6;0
"série";0;0;0;2;1;0;4;0;4;0;6;0
"exercer";0;0;0;2;0;0;3;0;5;0;4;0
"profissional";0;0;0;0;0;0;10;0;4;0;11;0
"inciso";0;0;0;1;0;0;1;0;3;0;5;0
"ofício";0;0;0;0;0;0;2;0;9;0;2;0
"cívico";0;0;0;1;1;0;11;0;0;0;1;0
"sexto";0;0;0;0;0;0;6;0;2;0;3;0
"deput";0;0;0;0;0;0;0;0;12;0;0;0
"relevante";0;0;0;1;0;0;1;0;9;0;1;0
"aprovação";0;0;0;4;0;0;7;1;7;0;0;0
"integral";0;0;0;0;0;0;8;1;8;0;3;0
"elemento";0;0;0;0;0;0;0;0;9;0;2;0
"carol";0;0;0;0;0;0;3;0;6;0;4;0
"esclarecer";0;0;0;1;0;0;2;0;14;0;5;0
"coordenador";0;0;0;1;0;0;0;0;12;0;2;0
"desafio";0;0;0;0;1;0;8;0;3;1;11;0
"município";0;0;0;1;0;0;15;0;2;0;12;0
"piso";0;0;0;1;0;0;0;0;1;0;10;0
"obstrução";0;0;0;0;0;0;0;0;16;0;0;0
"repúdio";0;0;0;1;0;0;0;0;67;0;1;0
"seminário";0;0;0;5;0;0;2;0;15;0;0;0
"creche";0;0;0;0;0;0;7;1;0;0;2;0
"evasão";0;0;0;3;1;0;8;0;0;0;2;0
"realização";0;0;0;1;0;0;1;0;10;0;2;0
"covid";0;0;0;10;0;0;0;0;0;0;0;0
"portugal";0;0;0;3;0;0;0;0;12;0;10;0
"áudio";0;0;0;0;0;0;0;0;1;12;0;0
"conai";0;0;0;0;0;0;1;0;6;0;9;0
"conferência";0;0;0;0;0;0;7;0;10;0;13;0
"orientar";0;0;0;0;0;0;0;0;15;0;1;0
"ceder";0;0;0;2;0;0;0;0;6;0;3;0
"louvor";0;0;0;0;0;0;0;0;11;0;0;0
"levante";0;0;0;19;0;0;0;0;0;0;0;0
"74";0;0;0;1;0;0;2;0;0;0;7;0
"valente";0;0;0;5;0;0;0;0;13;0;5;0
"analfabeto";0;0;0;0;0;0;2;0;6;0;4;0
"funcional";0;0;0;0;0;0;2;0;5;0;3;0
"alice";0;0;0;4;0;0;3;0;3;0;10;0
"moção";0;0;0;1;0;0;0;0;111;0;0;0
"ivan";0;0;0;4;0;0;0;0;7;0;5;0
"inscrição";0;0;0;1;0;0;2;0;4;0;3;0
"orador";0;0;0;0;0;0;0;0;8;0;8;0
"salarial";0;0;0;1;0;0;3;0;1;0;5;0
"subscrever";0;0;0;4;0;0;0;0;20;0;3;0
"cátedra";0;0;0;0;0;0;0;0;17;0;0;0
