*_texto0;1;9;28;26
*_texto1;0;6;36;39
*_texto2;6;2;21;47
*_texto3;5;0;17;7
*_texto4;1;1;25;10
*_texto5;1;1;6;9
*_texto6;4;3;13;18
*_texto7;0;0;0;0
*_texto8;2;0;1;21
*_texto9;3;12;18;22
*_texto10;3;1;14;1
*_texto11;3;1;15;27
*_texto12;0;12;6;6
*_texto13;5;1;10;7
*_texto14;1;1;30;23
*_texto15;12;0;6;4
*_texto16;0;0;16;18
*_texto17;2;0;4;9
*_texto18;13;4;37;76
*_texto19;8;0;11;5
*_texto20;0;3;7;10
*_texto21;1;8;14;37
*_texto22;3;1;10;15
*_texto23;4;0;9;2
*_texto24;0;1;18;22
*_texto25;3;0;19;9
*_texto26;6;0;24;2
*_texto27;1;0;8;23
*_texto28;5;0;10;6
*_texto29;3;2;15;10
*_texto30;0;0;18;11
*_texto31;0;8;28;6
*_texto32;6;0;26;7
*_texto33;1;1;22;15
*_texto34;26;0;0;8
*_texto35;0;0;1;13
*_texto36;1;3;14;21
*_texto37;11;0;17;26
*_texto38;2;0;15;23
*_texto39;5;1;18;30
*_texto40;9;0;16;5
*_texto41;3;0;10;9
*_texto42;2;0;5;8
*_texto43;0;0;1;16
*_texto44;4;0;29;13
*_texto45;11;0;2;20
*_texto46;0;0;1;2
*_texto47;0;6;10;8
*_texto48;9;0;21;9
*_texto49;0;0;0;0
*_texto50;1;0;4;7
*_texto51;513;4;5;48
*_texto52;0;1;12;6
*_texto53;4;1;1;17
*_texto54;0;0;12;2
*_texto55;422;7;0;45
*_texto56;4;0;39;9
*_texto57;0;0;26;3
*_texto58;0;0;11;2
*_texto59;1;0;1;9
*_texto60;9;0;16;6
*_texto61;2;0;5;18
*_texto62;1;1;7;21
*_texto63;2;0;11;0
*_texto64;1;3;17;1
*_texto65;0;1;16;13
*_texto66;0;0;7;23
*_texto67;3;0;2;11
*_texto68;1;170;1;17
*_texto69;24;1;10;10
*_texto70;0;77;2;36
*_texto71;5;1;11;58
*_texto72;1;74;1;15
*_texto73;2;193;2;18
*_texto74;1;0;3;7
*_texto75;3;80;5;34
*_texto76;0;117;0;27
*_texto77;0;87;4;34
*_texto78;2;66;0;26
*_texto79;2;173;4;30
*_texto80;1;0;20;10
*_texto81;0;150;0;17
*_texto82;2;14;9;66
*_texto83;0;56;0;12
*_texto84;0;131;0;28
*_texto85;1;181;0;15
*_texto86;1;150;2;38
*_texto87;0;83;2;25
*_texto88;409;5;30;46
*_texto89;290;1;2;20
*_texto90;4;0;1;24
*_texto91;0;70;1;19
*_texto92;1;0;9;8
*_texto93;3;0;14;5
*_texto94;1;0;5;16
*_texto95;1;2;9;9
*_texto96;182;0;16;31
*_texto97;1;1;13;17
*_texto98;0;4;1;1
*_texto99;179;7;5;25
*_texto100;146;0;65;34
*_texto101;27;0;1;7
*_texto102;1;2;13;13
*_texto103;399;5;0;40
*_texto104;5;0;9;12
*_texto105;481;7;13;56
*_texto106;1;0;21;7
*_texto107;421;17;7;73
*_texto108;0;0;11;4
*_texto109;2;0;16;5
*_texto110;0;1;3;0
*_texto111;0;2;19;5
*_texto112;4;0;0;5
*_texto113;4;0;13;12
*_texto114;36;24;26;460
*_texto115;316;1;6;16
*_texto116;0;1;7;13
*_texto117;0;0;0;5
*_texto118;0;1;9;4
*_texto119;11;6;13;5
*_texto120;1;0;20;10
*_texto121;0;2;6;20
*_texto122;2;1;7;9
*_texto123;0;1;0;3
*_texto124;0;1;6;19
*_texto125;0;0;0;4
*_texto126;3;3;17;2
*_texto127;2;1;27;18
*_texto128;0;1;21;18
*_texto129;1;0;16;6
*_texto130;0;1;10;3
*_texto131;1;0;2;5
*_texto132;1;0;6;36
*_texto133;1;0;9;11
*_texto134;0;1;5;24
*_texto135;2;0;10;11
*_texto136;0;2;17;8
*_texto137;41;1;16;11
*_texto138;0;0;0;0
*_texto139;2;7;2;16
*_texto140;0;0;4;45
*_texto141;1;1;15;8
*_texto142;2;1;14;26
*_texto143;3;1;2;27
*_texto144;300;6;17;29
*_texto145;4;4;2;40
*_texto146;1;0;7;6
*_texto147;0;1;2;1
*_texto148;1;0;1;36
*_texto149;1;1;29;20
*_texto150;2;0;27;11
*_texto151;0;11;0;2
*_texto152;4;2;13;19
*_texto153;0;9;2;15
*_texto154;12;0;19;4
*_texto155;2;0;25;23
*_texto156;1;0;16;18
*_texto157;2;0;24;7
*_texto158;1;2;14;19
*_texto159;0;0;5;5
*_texto160;1;0;5;23
*_texto161;0;183;0;19
*_texto162;1;224;3;37
*_texto163;0;0;0;8
*_texto164;0;352;3;96
*_texto165;0;207;0;44
*_texto166;0;145;3;36
*_texto167;3;0;3;0
*_texto168;0;229;0;35
*_texto169;1;222;0;40
*_texto170;0;0;3;10
*_texto171;0;1;15;6
*_texto172;0;160;2;62
*_texto173;0;182;0;18
*_texto174;1;367;3;97
*_texto175;1;151;0;26
*_texto176;0;140;0;13
*_texto177;0;0;18;2
*_texto178;1;147;0;24
*_texto179;0;4;2;3
*_texto180;0;94;1;16
*_texto181;0;239;0;26
*_texto182;0;0;12;13
*_texto183;7;0;18;5
*_texto184;5;0;8;7
*_texto185;1;0;2;6
*_texto186;1;0;10;2
*_texto187;0;2;2;9
*_texto188;0;0;0;0
*_texto189;0;0;0;4
*_texto190;9;0;4;14
*_texto191;1;0;5;5
*_texto192;10;0;11;15
*_texto193;3;6;7;18
*_texto194;2;7;1;35
*_texto195;7;9;1;17
*_texto196;0;0;0;5
*_texto197;0;0;5;8
*_texto198;1;0;0;8
*_texto199;6;1;1;10
*_texto200;0;0;10;9
*_texto201;0;0;10;7
*_texto202;0;3;1;21
*_texto203;0;0;8;21
*_texto204;0;6;1;14
*_texto205;0;5;1;18
*_texto206;20;2;13;51
*_texto207;0;7;1;5
*_texto208;0;2;4;6
*_texto209;0;0;0;4
*_texto210;1;0;10;5
*_texto211;0;1;0;14
*_texto212;0;1;9;13
*_texto213;2;18;3;95
*_texto214;0;2;0;22
*_texto215;1;0;0;37
*_texto216;1;0;4;9
*_texto217;0;0;1;17
*_texto218;3;0;0;7
*_texto219;0;0;3;0
*_texto220;0;0;1;11
*_texto221;0;0;7;19
*_texto222;1;0;1;25
*_texto223;0;0;3;33
*_texto224;0;0;0;1
*_texto225;0;15;1;41
*_texto226;0;0;1;23
*_texto227;0;0;2;35
*_texto228;0;4;1;7
*_texto229;0;15;0;13
*_texto230;1;3;5;24
*_texto231;0;0;0;4
*_texto232;0;2;1;8
*_texto233;10;0;2;33
*_texto234;7;1;0;27
*_texto235;0;6;0;13
*_texto236;1;1;1;5
*_texto237;1;0;2;29
*_texto238;0;0;5;41
*_texto239;37;1;0;43
*_texto240;0;0;1;9
*_texto241;0;1;0;16
*_texto242;0;0;0;6
*_texto243;1;0;0;7
*_texto244;0;0;0;7
*_texto245;0;1;0;9
*_texto246;3;12;2;267
*_texto247;0;0;1;0
*_texto248;0;89;2;109
*_texto249;0;6;5;16
*_texto250;0;0;0;4
*_texto251;0;0;0;4
*_texto252;0;0;0;37
*_texto253;0;21;3;42
*_texto254;0;0;4;14
*_texto255;1;1;4;22
*_texto256;0;0;0;0
*_texto257;1;0;1;34
*_texto258;0;2;2;37
*_texto259;0;0;0;8
*_texto260;1;0;0;22
*_texto261;0;1;2;2
*_texto262;0;1;0;9
*_texto263;1;0;0;3
*_texto264;1;0;0;45
*_texto265;0;2;5;43
*_texto266;2;1;7;83
*_texto267;4;0;7;65
*_texto268;1;0;13;22
*_texto269;0;3;0;24
*_texto270;0;3;0;3
*_texto271;3;4;4;108
*_texto272;0;3;0;26
*_texto273;1;0;0;3
*_texto274;1;2;7;68
*_texto275;1;0;0;7
*_texto276;0;0;0;2
*_texto277;0;0;3;24
*_texto278;2;1;1;32
*_texto279;0;0;0;3
*_texto280;2;0;1;7
*_texto281;0;0;2;15
*_texto282;0;0;0;23
*_texto283;0;0;9;8
*_texto284;2;1;1;9
*_texto285;0;0;0;5
*_texto286;0;0;0;2
*_texto287;0;0;6;0
*_texto288;0;2;2;60
*_texto289;0;0;0;3
*_texto290;1;0;0;7
*_texto291;0;2;0;11
*_texto292;3;0;4;16
*_texto293;5;0;0;6
*_texto294;3;0;2;36
*_texto295;0;0;0;37
*_texto296;0;0;0;2
*_texto297;0;1;0;3
*_texto298;0;0;0;6
*_texto299;1;0;3;12
*_texto300;1;0;3;14
*_texto301;1;0;0;6
*_texto302;0;0;1;29
*_texto303;4;0;0;1
*_texto304;0;0;0;4
*_texto305;0;17;1;52
*_texto306;0;0;9;0
*_texto307;0;0;4;5
*_texto308;0;0;0;10
*_texto309;0;0;2;25
*_texto310;0;0;0;4
*_texto311;2;16;2;209
*_texto312;0;1;4;0
*_texto313;0;2;0;6
*_texto314;0;0;0;10
*_texto315;0;0;0;0
*_texto316;0;1;0;16
*_texto317;1;0;0;6
*_texto318;1;0;0;29
*_texto319;0;10;12;48
*_texto320;0;1;0;12
*_texto321;1;8;3;27
*_texto322;0;2;0;6
*_texto323;0;17;0;24
*_texto324;0;2;0;29
*_texto325;0;2;2;36
*_texto326;1;0;6;5
*_texto327;0;24;10;104
*_texto328;2;2;0;36
*_texto329;1;0;0;17
*_texto330;0;0;1;15
*_texto331;0;0;0;14
*_texto332;0;0;1;23
*_texto333;0;0;0;11
*_texto334;0;0;1;12
*_texto335;3;0;4;8
*_texto336;0;0;5;10
*_texto337;0;3;0;4
*_texto338;0;0;0;2
*_texto339;0;0;0;3
*_texto340;9;9;3;45
*_texto341;0;2;1;8
*_texto342;0;1;0;38
*_texto343;1;0;3;7
*_texto344;0;0;0;5
*_texto345;5;4;3;25
*_texto346;0;5;0;19
*_texto347;1;0;5;11
*_texto348;0;1;0;4
*_texto349;0;0;0;2
*_texto350;1;0;0;3
*_texto351;0;3;1;20
*_texto352;7;0;7;4
*_texto353;0;0;1;10
*_texto354;0;1;0;6
*_texto355;8;0;4;3
*_texto356;0;0;6;5
*_texto357;20;2;4;4
*_texto358;0;72;0;10
*_texto359;3;0;17;11
*_texto360;6;0;24;8
*_texto361;1;3;2;6
*_texto362;1;67;4;45
*_texto363;0;2;6;37
*_texto364;1;0;0;2
*_texto365;0;1;15;10
*_texto366;3;2;24;68
*_texto367;0;2;0;13
*_texto368;0;1;19;6
*_texto369;7;1;22;16
*_texto370;0;197;2;14
*_texto371;4;0;21;3
*_texto372;9;2;1;7
*_texto373;6;2;29;32
*_texto374;1;2;7;17
*_texto375;0;0;0;0
*_texto376;0;137;2;35
*_texto377;2;2;28;15
*_texto378;4;1;32;39
*_texto379;1;0;5;2
*_texto380;0;0;8;3
*_texto381;3;0;29;16
*_texto382;3;1;16;12
*_texto383;0;0;13;4
*_texto384;2;372;9;52
*_texto385;0;201;3;31
*_texto386;1;131;0;24
*_texto387;5;135;5;43
*_texto388;6;0;2;6
*_texto389;0;3;1;1
*_texto390;1;1;1;9
*_texto391;0;7;0;0
*_texto392;1;1;8;4
*_texto393;1;0;3;40
*_texto394;0;1;0;3
*_texto395;0;0;0;27
*_texto396;0;0;0;12
*_texto397;2;2;1;19
*_texto398;0;1;1;18
*_texto399;0;104;0;22
*_texto400;0;1;0;13
*_texto401;1;0;1;20
*_texto402;0;1;4;33
*_texto403;0;3;1;30
*_texto404;12;24;13;166
*_texto405;0;0;0;11
*_texto406;2;0;0;27
*_texto407;1;0;1;7
*_texto408;0;1;0;43
*_texto409;1;12;0;37
*_texto410;0;0;0;1
*_texto411;1;1;0;33
*_texto412;1;2;0;56
*_texto413;0;14;1;75
*_texto414;3;0;0;6
*_texto415;3;0;0;34
*_texto416;2;5;3;191
*_texto417;0;1;0;23
*_texto418;0;0;1;9
*_texto419;0;3;10;20
*_texto420;0;0;0;4
*_texto421;0;6;2;37
*_texto422;1;0;2;7
*_texto423;0;1;0;4
*_texto424;0;0;0;4
*_texto425;0;0;20;3
*_texto426;0;0;6;12
*_texto427;0;0;12;3
*_texto428;0;1;1;3
*_texto429;0;0;0;5
*_texto430;9;1;8;50
*_texto431;0;4;1;23
*_texto432;2;0;10;15
*_texto433;1;0;13;1
*_texto434;0;0;0;0
*_texto435;12;19;37;160
*_texto436;1;4;4;3
*_texto437;0;85;0;28
*_texto438;1;0;5;12
*_texto439;1;0;0;26
*_texto440;1;0;4;6
*_texto441;0;15;0;1
*_texto442;7;0;29;44
*_texto443;0;0;0;42
*_texto444;1;9;14;6
*_texto445;0;0;1;5
*_texto446;0;3;3;157
*_texto447;0;13;0;31
*_texto448;0;2;7;13
*_texto449;1;16;1;268
*_texto450;11;0;20;10